{
  "HTTP Request -Crear Tarea  (Video)" : {
    "transaction" : "HTTP Request -Crear Tarea  (Video)",
    "sampleCount" : 500,
    "errorCount" : 0,
    "errorPct" : 0.0,
    "meanResTime" : 137.4360000000001,
    "medianResTime" : 136.0,
    "minResTime" : 134.0,
    "maxResTime" : 209.0,
    "pct1ResTime" : 138.0,
    "pct2ResTime" : 138.0,
    "pct3ResTime" : 206.84000000000015,
    "throughput" : 31.3302838523717,
    "receivedKBytesPerSec" : 41.24338147753619,
    "sentKBytesPerSec" : 10.647401152954446
  },
  "Total" : {
    "transaction" : "Total",
    "sampleCount" : 500,
    "errorCount" : 0,
    "errorPct" : 0.0,
    "meanResTime" : 137.4360000000001,
    "medianResTime" : 136.0,
    "minResTime" : 134.0,
    "maxResTime" : 209.0,
    "pct1ResTime" : 138.0,
    "pct2ResTime" : 138.0,
    "pct3ResTime" : 206.84000000000015,
    "throughput" : 31.3302838523717,
    "receivedKBytesPerSec" : 41.24338147753619,
    "sentKBytesPerSec" : 10.647401152954446
  }
}