{
  "HTTP Request -Crear Tarea  (Video)" : {
    "transaction" : "HTTP Request -Crear Tarea  (Video)",
    "sampleCount" : 50,
    "errorCount" : 0,
    "errorPct" : 0.0,
    "meanResTime" : 61970.399999999994,
    "medianResTime" : 68154.0,
    "minResTime" : 4668.0,
    "maxResTime" : 100222.0,
    "pct1ResTime" : 94651.4,
    "pct2ResTime" : 99557.95,
    "pct3ResTime" : 100222.0,
    "throughput" : 0.34728733859820937,
    "receivedKBytesPerSec" : 0.06715126273676314,
    "sentKBytesPerSec" : 12501.427764721942
  },
  "Total" : {
    "transaction" : "Total",
    "sampleCount" : 50,
    "errorCount" : 0,
    "errorPct" : 0.0,
    "meanResTime" : 61970.399999999994,
    "medianResTime" : 68154.0,
    "minResTime" : 4668.0,
    "maxResTime" : 100222.0,
    "pct1ResTime" : 94651.4,
    "pct2ResTime" : 99557.95,
    "pct3ResTime" : 100222.0,
    "throughput" : 0.34728733859820937,
    "receivedKBytesPerSec" : 0.06715126273676314,
    "sentKBytesPerSec" : 12501.427764721942
  }
}