{
  "HTTP Request -Crear Tarea  (Video)" : {
    "transaction" : "HTTP Request -Crear Tarea  (Video)",
    "sampleCount" : 500,
    "errorCount" : 0,
    "errorPct" : 0.0,
    "meanResTime" : 137.73399999999984,
    "medianResTime" : 136.0,
    "minResTime" : 134.0,
    "maxResTime" : 225.0,
    "pct1ResTime" : 138.0,
    "pct2ResTime" : 139.0,
    "pct3ResTime" : 216.95000000000005,
    "throughput" : 31.361726149407264,
    "receivedKBytesPerSec" : 41.28477231386815,
    "sentKBytesPerSec" : 10.658086621087625
  },
  "Total" : {
    "transaction" : "Total",
    "sampleCount" : 500,
    "errorCount" : 0,
    "errorPct" : 0.0,
    "meanResTime" : 137.73399999999984,
    "medianResTime" : 136.0,
    "minResTime" : 134.0,
    "maxResTime" : 225.0,
    "pct1ResTime" : 138.0,
    "pct2ResTime" : 139.0,
    "pct3ResTime" : 216.95000000000005,
    "throughput" : 31.361726149407264,
    "receivedKBytesPerSec" : 41.28477231386815,
    "sentKBytesPerSec" : 10.658086621087625
  }
}