{
  "HTTP Request -Crear Tarea  (Video)" : {
    "transaction" : "HTTP Request -Crear Tarea  (Video)",
    "sampleCount" : 20,
    "errorCount" : 0,
    "errorPct" : 0.0,
    "meanResTime" : 32422.55,
    "medianResTime" : 32763.5,
    "minResTime" : 9557.0,
    "maxResTime" : 47438.0,
    "pct1ResTime" : 44088.7,
    "pct2ResTime" : 47271.649999999994,
    "pct3ResTime" : 47438.0,
    "throughput" : 0.38840230710970425,
    "receivedKBytesPerSec" : 0.07510122735129046,
    "sentKBytesPerSec" : 13981.458417284874
  },
  "Total" : {
    "transaction" : "Total",
    "sampleCount" : 20,
    "errorCount" : 0,
    "errorPct" : 0.0,
    "meanResTime" : 32422.55,
    "medianResTime" : 32763.5,
    "minResTime" : 9557.0,
    "maxResTime" : 47438.0,
    "pct1ResTime" : 44088.7,
    "pct2ResTime" : 47271.649999999994,
    "pct3ResTime" : 47438.0,
    "throughput" : 0.38840230710970425,
    "receivedKBytesPerSec" : 0.07510122735129046,
    "sentKBytesPerSec" : 13981.458417284874
  }
}