{
  "HTTP Request -Crear Tarea  (Video)" : {
    "transaction" : "HTTP Request -Crear Tarea  (Video)",
    "sampleCount" : 20,
    "errorCount" : 0,
    "errorPct" : 0.0,
    "meanResTime" : 26045.400000000005,
    "medianResTime" : 29646.5,
    "minResTime" : 3822.0,
    "maxResTime" : 38042.0,
    "pct1ResTime" : 35166.4,
    "pct2ResTime" : 37901.35,
    "pct3ResTime" : 38042.0,
    "throughput" : 0.39591416580885264,
    "receivedKBytesPerSec" : 0.07655371565444612,
    "sentKBytesPerSec" : 14251.864856246042
  },
  "Total" : {
    "transaction" : "Total",
    "sampleCount" : 20,
    "errorCount" : 0,
    "errorPct" : 0.0,
    "meanResTime" : 26045.400000000005,
    "medianResTime" : 29646.5,
    "minResTime" : 3822.0,
    "maxResTime" : 38042.0,
    "pct1ResTime" : 35166.4,
    "pct2ResTime" : 37901.35,
    "pct3ResTime" : 38042.0,
    "throughput" : 0.39591416580885264,
    "receivedKBytesPerSec" : 0.07655371565444612,
    "sentKBytesPerSec" : 14251.864856246042
  }
}