{
  "HTTP Request -Crear Tarea  (Video)" : {
    "transaction" : "HTTP Request -Crear Tarea  (Video)",
    "sampleCount" : 20,
    "errorCount" : 0,
    "errorPct" : 0.0,
    "meanResTime" : 25048.3,
    "medianResTime" : 28089.0,
    "minResTime" : 4548.0,
    "maxResTime" : 32913.0,
    "pct1ResTime" : 32754.8,
    "pct2ResTime" : 32905.6,
    "pct3ResTime" : 32913.0,
    "throughput" : 0.3823726221202562,
    "receivedKBytesPerSec" : 0.07393533123028391,
    "sentKBytesPerSec" : 13764.405944549995
  },
  "Total" : {
    "transaction" : "Total",
    "sampleCount" : 20,
    "errorCount" : 0,
    "errorPct" : 0.0,
    "meanResTime" : 25048.3,
    "medianResTime" : 28089.0,
    "minResTime" : 4548.0,
    "maxResTime" : 32913.0,
    "pct1ResTime" : 32754.8,
    "pct2ResTime" : 32905.6,
    "pct3ResTime" : 32913.0,
    "throughput" : 0.3823726221202562,
    "receivedKBytesPerSec" : 0.07393533123028391,
    "sentKBytesPerSec" : 13764.405944549995
  }
}