{
  "HTTP Request -Crear Tarea  (Video)" : {
    "transaction" : "HTTP Request -Crear Tarea  (Video)",
    "sampleCount" : 500,
    "errorCount" : 0,
    "errorPct" : 0.0,
    "meanResTime" : 137.24999999999994,
    "medianResTime" : 136.0,
    "minResTime" : 133.0,
    "maxResTime" : 236.0,
    "pct1ResTime" : 137.0,
    "pct2ResTime" : 138.0,
    "pct3ResTime" : 211.0,
    "throughput" : 41.77109440267335,
    "receivedKBytesPerSec" : 54.98772974101921,
    "sentKBytesPerSec" : 14.19564536340852
  },
  "Total" : {
    "transaction" : "Total",
    "sampleCount" : 500,
    "errorCount" : 0,
    "errorPct" : 0.0,
    "meanResTime" : 137.24999999999994,
    "medianResTime" : 136.0,
    "minResTime" : 133.0,
    "maxResTime" : 236.0,
    "pct1ResTime" : 137.0,
    "pct2ResTime" : 138.0,
    "pct3ResTime" : 211.0,
    "throughput" : 41.77109440267335,
    "receivedKBytesPerSec" : 54.98772974101921,
    "sentKBytesPerSec" : 14.19564536340852
  }
}