{
  "HTTP Request -Crear Tarea  (Video)" : {
    "transaction" : "HTTP Request -Crear Tarea  (Video)",
    "sampleCount" : 20,
    "errorCount" : 0,
    "errorPct" : 0.0,
    "meanResTime" : 36989.4,
    "medianResTime" : 38241.0,
    "minResTime" : 20617.0,
    "maxResTime" : 50483.0,
    "pct1ResTime" : 48303.6,
    "pct2ResTime" : 50375.799999999996,
    "pct3ResTime" : 50483.0,
    "throughput" : 0.3847707728120972,
    "receivedKBytesPerSec" : 0.0743990361492141,
    "sentKBytesPerSec" : 13850.733702252352
  },
  "Total" : {
    "transaction" : "Total",
    "sampleCount" : 20,
    "errorCount" : 0,
    "errorPct" : 0.0,
    "meanResTime" : 36989.4,
    "medianResTime" : 38241.0,
    "minResTime" : 20617.0,
    "maxResTime" : 50483.0,
    "pct1ResTime" : 48303.6,
    "pct2ResTime" : 50375.799999999996,
    "pct3ResTime" : 50483.0,
    "throughput" : 0.3847707728120972,
    "receivedKBytesPerSec" : 0.0743990361492141,
    "sentKBytesPerSec" : 13850.733702252352
  }
}