{
  "HTTP Request -Crear Tarea  (Video)" : {
    "transaction" : "HTTP Request -Crear Tarea  (Video)",
    "sampleCount" : 500,
    "errorCount" : 0,
    "errorPct" : 0.0,
    "meanResTime" : 139.26400000000012,
    "medianResTime" : 135.0,
    "minResTime" : 133.0,
    "maxResTime" : 303.0,
    "pct1ResTime" : 137.0,
    "pct2ResTime" : 140.89999999999998,
    "pct3ResTime" : 259.8600000000001,
    "throughput" : 50.2563071665494,
    "receivedKBytesPerSec" : 66.15771685596542,
    "sentKBytesPerSec" : 17.079291888632024
  },
  "Total" : {
    "transaction" : "Total",
    "sampleCount" : 500,
    "errorCount" : 0,
    "errorPct" : 0.0,
    "meanResTime" : 139.26400000000012,
    "medianResTime" : 135.0,
    "minResTime" : 133.0,
    "maxResTime" : 303.0,
    "pct1ResTime" : 137.0,
    "pct2ResTime" : 140.89999999999998,
    "pct3ResTime" : 259.8600000000001,
    "throughput" : 50.2563071665494,
    "receivedKBytesPerSec" : 66.15771685596542,
    "sentKBytesPerSec" : 17.079291888632024
  }
}