{
  "HTTP Request -Crear Tarea  (Video)" : {
    "transaction" : "HTTP Request -Crear Tarea  (Video)",
    "sampleCount" : 500,
    "errorCount" : 0,
    "errorPct" : 0.0,
    "meanResTime" : 137.6339999999998,
    "medianResTime" : 137.0,
    "minResTime" : 134.0,
    "maxResTime" : 212.0,
    "pct1ResTime" : 138.0,
    "pct2ResTime" : 139.0,
    "pct3ResTime" : 196.96000000000004,
    "throughput" : 27.824151363383415,
    "receivedKBytesPerSec" : 36.627886755703955,
    "sentKBytesPerSec" : 9.455863939899833
  },
  "Total" : {
    "transaction" : "Total",
    "sampleCount" : 500,
    "errorCount" : 0,
    "errorPct" : 0.0,
    "meanResTime" : 137.6339999999998,
    "medianResTime" : 137.0,
    "minResTime" : 134.0,
    "maxResTime" : 212.0,
    "pct1ResTime" : 138.0,
    "pct2ResTime" : 139.0,
    "pct3ResTime" : 196.96000000000004,
    "throughput" : 27.824151363383415,
    "receivedKBytesPerSec" : 36.627886755703955,
    "sentKBytesPerSec" : 9.455863939899833
  }
}