{
  "HTTP Request -Crear Tarea  (Video)" : {
    "transaction" : "HTTP Request -Crear Tarea  (Video)",
    "sampleCount" : 500,
    "errorCount" : 0,
    "errorPct" : 0.0,
    "meanResTime" : 162.744,
    "medianResTime" : 136.0,
    "minResTime" : 134.0,
    "maxResTime" : 328.0,
    "pct1ResTime" : 286.80000000000007,
    "pct2ResTime" : 297.0,
    "pct3ResTime" : 316.99,
    "throughput" : 35.87315253264457,
    "receivedKBytesPerSec" : 47.22364220117664,
    "sentKBytesPerSec" : 12.191266681015927
  },
  "Total" : {
    "transaction" : "Total",
    "sampleCount" : 500,
    "errorCount" : 0,
    "errorPct" : 0.0,
    "meanResTime" : 162.744,
    "medianResTime" : 136.0,
    "minResTime" : 134.0,
    "maxResTime" : 328.0,
    "pct1ResTime" : 286.80000000000007,
    "pct2ResTime" : 297.0,
    "pct3ResTime" : 316.99,
    "throughput" : 35.87315253264457,
    "receivedKBytesPerSec" : 47.22364220117664,
    "sentKBytesPerSec" : 12.191266681015927
  }
}