{
  "HTTP Request -Crear Tarea  (Video)" : {
    "transaction" : "HTTP Request -Crear Tarea  (Video)",
    "sampleCount" : 20,
    "errorCount" : 0,
    "errorPct" : 0.0,
    "meanResTime" : 29995.95,
    "medianResTime" : 31770.0,
    "minResTime" : 3729.0,
    "maxResTime" : 41202.0,
    "pct1ResTime" : 40556.3,
    "pct2ResTime" : 41174.1,
    "pct3ResTime" : 41202.0,
    "throughput" : 0.39038101186758273,
    "receivedKBytesPerSec" : 0.07548382846658339,
    "sentKBytesPerSec" : 14052.686721067887
  },
  "Total" : {
    "transaction" : "Total",
    "sampleCount" : 20,
    "errorCount" : 0,
    "errorPct" : 0.0,
    "meanResTime" : 29995.95,
    "medianResTime" : 31770.0,
    "minResTime" : 3729.0,
    "maxResTime" : 41202.0,
    "pct1ResTime" : 40556.3,
    "pct2ResTime" : 41174.1,
    "pct3ResTime" : 41202.0,
    "throughput" : 0.39038101186758273,
    "receivedKBytesPerSec" : 0.07548382846658339,
    "sentKBytesPerSec" : 14052.686721067887
  }
}