{
  "HTTP Request -Crear Tarea  (Video)" : {
    "transaction" : "HTTP Request -Crear Tarea  (Video)",
    "sampleCount" : 500,
    "errorCount" : 0,
    "errorPct" : 0.0,
    "meanResTime" : 137.1440000000001,
    "medianResTime" : 136.0,
    "minResTime" : 133.0,
    "maxResTime" : 217.0,
    "pct1ResTime" : 137.0,
    "pct2ResTime" : 138.0,
    "pct3ResTime" : 213.94000000000005,
    "throughput" : 35.80635920939559,
    "receivedKBytesPerSec" : 47.13571505299341,
    "sentKBytesPerSec" : 12.168567387568032
  },
  "Total" : {
    "transaction" : "Total",
    "sampleCount" : 500,
    "errorCount" : 0,
    "errorPct" : 0.0,
    "meanResTime" : 137.1440000000001,
    "medianResTime" : 136.0,
    "minResTime" : 133.0,
    "maxResTime" : 217.0,
    "pct1ResTime" : 137.0,
    "pct2ResTime" : 138.0,
    "pct3ResTime" : 213.94000000000005,
    "throughput" : 35.80635920939559,
    "receivedKBytesPerSec" : 47.13571505299341,
    "sentKBytesPerSec" : 12.168567387568032
  }
}