{
  "HTTP Request -Crear Tarea  (Video)" : {
    "transaction" : "HTTP Request -Crear Tarea  (Video)",
    "sampleCount" : 500,
    "errorCount" : 0,
    "errorPct" : 0.0,
    "meanResTime" : 137.3579999999999,
    "medianResTime" : 136.0,
    "minResTime" : 134.0,
    "maxResTime" : 230.0,
    "pct1ResTime" : 137.0,
    "pct2ResTime" : 138.0,
    "pct3ResTime" : 222.0,
    "throughput" : 35.83972475091391,
    "receivedKBytesPerSec" : 47.17963766038277,
    "sentKBytesPerSec" : 12.1799064583184
  },
  "Total" : {
    "transaction" : "Total",
    "sampleCount" : 500,
    "errorCount" : 0,
    "errorPct" : 0.0,
    "meanResTime" : 137.3579999999999,
    "medianResTime" : 136.0,
    "minResTime" : 134.0,
    "maxResTime" : 230.0,
    "pct1ResTime" : 137.0,
    "pct2ResTime" : 138.0,
    "pct3ResTime" : 222.0,
    "throughput" : 35.83972475091391,
    "receivedKBytesPerSec" : 47.17963766038277,
    "sentKBytesPerSec" : 12.1799064583184
  }
}