{
  "HTTP Request -Crear Tarea  (Video)" : {
    "transaction" : "HTTP Request -Crear Tarea  (Video)",
    "sampleCount" : 20,
    "errorCount" : 0,
    "errorPct" : 0.0,
    "meanResTime" : 33457.5,
    "medianResTime" : 34128.5,
    "minResTime" : 16016.0,
    "maxResTime" : 45155.0,
    "pct1ResTime" : 44848.700000000004,
    "pct2ResTime" : 45154.2,
    "pct3ResTime" : 45155.0,
    "throughput" : 0.38669012586763596,
    "receivedKBytesPerSec" : 0.07477016105643743,
    "sentKBytesPerSec" : 13919.82393741783
  },
  "Total" : {
    "transaction" : "Total",
    "sampleCount" : 20,
    "errorCount" : 0,
    "errorPct" : 0.0,
    "meanResTime" : 33457.5,
    "medianResTime" : 34128.5,
    "minResTime" : 16016.0,
    "maxResTime" : 45155.0,
    "pct1ResTime" : 44848.700000000004,
    "pct2ResTime" : 45154.2,
    "pct3ResTime" : 45155.0,
    "throughput" : 0.38669012586763596,
    "receivedKBytesPerSec" : 0.07477016105643743,
    "sentKBytesPerSec" : 13919.82393741783
  }
}