{
  "HTTP Request -Crear Tarea  (Video)" : {
    "transaction" : "HTTP Request -Crear Tarea  (Video)",
    "sampleCount" : 500,
    "errorCount" : 0,
    "errorPct" : 0.0,
    "meanResTime" : 137.30399999999983,
    "medianResTime" : 136.0,
    "minResTime" : 133.0,
    "maxResTime" : 244.0,
    "pct1ResTime" : 137.0,
    "pct2ResTime" : 138.0,
    "pct3ResTime" : 211.0,
    "throughput" : 41.820006691201066,
    "receivedKBytesPerSec" : 55.05211818333891,
    "sentKBytesPerSec" : 14.212267898962864
  },
  "Total" : {
    "transaction" : "Total",
    "sampleCount" : 500,
    "errorCount" : 0,
    "errorPct" : 0.0,
    "meanResTime" : 137.30399999999983,
    "medianResTime" : 136.0,
    "minResTime" : 133.0,
    "maxResTime" : 244.0,
    "pct1ResTime" : 137.0,
    "pct2ResTime" : 138.0,
    "pct3ResTime" : 211.0,
    "throughput" : 41.820006691201066,
    "receivedKBytesPerSec" : 55.05211818333891,
    "sentKBytesPerSec" : 14.212267898962864
  }
}