{
  "HTTP Request -Crear Tarea  (Video)" : {
    "transaction" : "HTTP Request -Crear Tarea  (Video)",
    "sampleCount" : 20,
    "errorCount" : 0,
    "errorPct" : 0.0,
    "meanResTime" : 28513.9,
    "medianResTime" : 29679.0,
    "minResTime" : 3958.0,
    "maxResTime" : 39897.0,
    "pct1ResTime" : 37792.3,
    "pct2ResTime" : 39794.35,
    "pct3ResTime" : 39897.0,
    "throughput" : 0.3760529482551143,
    "receivedKBytesPerSec" : 0.07271336304151625,
    "sentKBytesPerSec" : 13536.913416158995
  },
  "Total" : {
    "transaction" : "Total",
    "sampleCount" : 20,
    "errorCount" : 0,
    "errorPct" : 0.0,
    "meanResTime" : 28513.9,
    "medianResTime" : 29679.0,
    "minResTime" : 3958.0,
    "maxResTime" : 39897.0,
    "pct1ResTime" : 37792.3,
    "pct2ResTime" : 39794.35,
    "pct3ResTime" : 39897.0,
    "throughput" : 0.3760529482551143,
    "receivedKBytesPerSec" : 0.07271336304151625,
    "sentKBytesPerSec" : 13536.913416158995
  }
}