{
  "HTTP Request -Crear Tarea  (Video)" : {
    "transaction" : "HTTP Request -Crear Tarea  (Video)",
    "sampleCount" : 500,
    "errorCount" : 0,
    "errorPct" : 0.0,
    "meanResTime" : 137.25000000000006,
    "medianResTime" : 136.0,
    "minResTime" : 134.0,
    "maxResTime" : 216.0,
    "pct1ResTime" : 137.0,
    "pct2ResTime" : 138.0,
    "pct3ResTime" : 208.98000000000002,
    "throughput" : 31.340102795537174,
    "receivedKBytesPerSec" : 41.2563071956876,
    "sentKBytesPerSec" : 10.650738059420835
  },
  "Total" : {
    "transaction" : "Total",
    "sampleCount" : 500,
    "errorCount" : 0,
    "errorPct" : 0.0,
    "meanResTime" : 137.25000000000006,
    "medianResTime" : 136.0,
    "minResTime" : 134.0,
    "maxResTime" : 216.0,
    "pct1ResTime" : 137.0,
    "pct2ResTime" : 138.0,
    "pct3ResTime" : 208.98000000000002,
    "throughput" : 31.340102795537174,
    "receivedKBytesPerSec" : 41.2563071956876,
    "sentKBytesPerSec" : 10.650738059420835
  }
}