{
  "HTTP Request -Crear Tarea  (Video)" : {
    "transaction" : "HTTP Request -Crear Tarea  (Video)",
    "sampleCount" : 500,
    "errorCount" : 0,
    "errorPct" : 0.0,
    "meanResTime" : 137.1880000000001,
    "medianResTime" : 136.0,
    "minResTime" : 134.0,
    "maxResTime" : 216.0,
    "pct1ResTime" : 137.0,
    "pct2ResTime" : 138.0,
    "pct3ResTime" : 186.98000000000002,
    "throughput" : 27.842744180866468,
    "receivedKBytesPerSec" : 36.65236245684375,
    "sentKBytesPerSec" : 9.462182592716339
  },
  "Total" : {
    "transaction" : "Total",
    "sampleCount" : 500,
    "errorCount" : 0,
    "errorPct" : 0.0,
    "meanResTime" : 137.1880000000001,
    "medianResTime" : 136.0,
    "minResTime" : 134.0,
    "maxResTime" : 216.0,
    "pct1ResTime" : 137.0,
    "pct2ResTime" : 138.0,
    "pct3ResTime" : 186.98000000000002,
    "throughput" : 27.842744180866468,
    "receivedKBytesPerSec" : 36.65236245684375,
    "sentKBytesPerSec" : 9.462182592716339
  }
}