{
  "HTTP Request -Crear Tarea  (Video)" : {
    "transaction" : "HTTP Request -Crear Tarea  (Video)",
    "sampleCount" : 20,
    "errorCount" : 0,
    "errorPct" : 0.0,
    "meanResTime" : 36689.200000000004,
    "medianResTime" : 39941.5,
    "minResTime" : 14544.0,
    "maxResTime" : 50370.0,
    "pct1ResTime" : 49671.9,
    "pct2ResTime" : 50341.1,
    "pct3ResTime" : 50370.0,
    "throughput" : 0.36882676206985576,
    "receivedKBytesPerSec" : 0.07131611219710102,
    "sentKBytesPerSec" : 13276.79108614871
  },
  "Total" : {
    "transaction" : "Total",
    "sampleCount" : 20,
    "errorCount" : 0,
    "errorPct" : 0.0,
    "meanResTime" : 36689.200000000004,
    "medianResTime" : 39941.5,
    "minResTime" : 14544.0,
    "maxResTime" : 50370.0,
    "pct1ResTime" : 49671.9,
    "pct2ResTime" : 50341.1,
    "pct3ResTime" : 50370.0,
    "throughput" : 0.36882676206985576,
    "receivedKBytesPerSec" : 0.07131611219710102,
    "sentKBytesPerSec" : 13276.79108614871
  }
}