{
  "HTTP Request -Crear Tarea  (Video)" : {
    "transaction" : "HTTP Request -Crear Tarea  (Video)",
    "sampleCount" : 500,
    "errorCount" : 0,
    "errorPct" : 0.0,
    "meanResTime" : 138.37400000000002,
    "medianResTime" : 135.0,
    "minResTime" : 133.0,
    "maxResTime" : 286.0,
    "pct1ResTime" : 137.0,
    "pct2ResTime" : 139.0,
    "pct3ResTime" : 254.97000000000003,
    "throughput" : 50.22601707684581,
    "receivedKBytesPerSec" : 66.11784279256655,
    "sentKBytesPerSec" : 17.068997990959318
  },
  "Total" : {
    "transaction" : "Total",
    "sampleCount" : 500,
    "errorCount" : 0,
    "errorPct" : 0.0,
    "meanResTime" : 138.37400000000002,
    "medianResTime" : 135.0,
    "minResTime" : 133.0,
    "maxResTime" : 286.0,
    "pct1ResTime" : 137.0,
    "pct2ResTime" : 139.0,
    "pct3ResTime" : 254.97000000000003,
    "throughput" : 50.22601707684581,
    "receivedKBytesPerSec" : 66.11784279256655,
    "sentKBytesPerSec" : 17.068997990959318
  }
}