{
  "HTTP Request -Crear Tarea  (Video)" : {
    "transaction" : "HTTP Request -Crear Tarea  (Video)",
    "sampleCount" : 500,
    "errorCount" : 0,
    "errorPct" : 0.0,
    "meanResTime" : 138.61800000000014,
    "medianResTime" : 137.0,
    "minResTime" : 134.0,
    "maxResTime" : 266.0,
    "pct1ResTime" : 138.90000000000003,
    "pct2ResTime" : 141.95,
    "pct3ResTime" : 218.94000000000005,
    "throughput" : 31.302823514681027,
    "receivedKBytesPerSec" : 41.207232517373065,
    "sentKBytesPerSec" : 10.638068928817379
  },
  "Total" : {
    "transaction" : "Total",
    "sampleCount" : 500,
    "errorCount" : 0,
    "errorPct" : 0.0,
    "meanResTime" : 138.61800000000014,
    "medianResTime" : 137.0,
    "minResTime" : 134.0,
    "maxResTime" : 266.0,
    "pct1ResTime" : 138.90000000000003,
    "pct2ResTime" : 141.95,
    "pct3ResTime" : 218.94000000000005,
    "throughput" : 31.302823514681027,
    "receivedKBytesPerSec" : 41.207232517373065,
    "sentKBytesPerSec" : 10.638068928817379
  }
}