{
  "HTTP Request -Crear Tarea  (Video)" : {
    "transaction" : "HTTP Request -Crear Tarea  (Video)",
    "sampleCount" : 500,
    "errorCount" : 0,
    "errorPct" : 0.0,
    "meanResTime" : 138.81199999999995,
    "medianResTime" : 136.0,
    "minResTime" : 134.0,
    "maxResTime" : 296.0,
    "pct1ResTime" : 137.0,
    "pct2ResTime" : 139.95,
    "pct3ResTime" : 239.97000000000003,
    "throughput" : 50.220972278023304,
    "receivedKBytesPerSec" : 66.11120178786662,
    "sentKBytesPerSec" : 17.06728354760948
  },
  "Total" : {
    "transaction" : "Total",
    "sampleCount" : 500,
    "errorCount" : 0,
    "errorPct" : 0.0,
    "meanResTime" : 138.81199999999995,
    "medianResTime" : 136.0,
    "minResTime" : 134.0,
    "maxResTime" : 296.0,
    "pct1ResTime" : 137.0,
    "pct2ResTime" : 139.95,
    "pct3ResTime" : 239.97000000000003,
    "throughput" : 50.220972278023304,
    "receivedKBytesPerSec" : 66.11120178786662,
    "sentKBytesPerSec" : 17.06728354760948
  }
}