{
  "HTTP Request -Crear Tarea  (Video)" : {
    "transaction" : "HTTP Request -Crear Tarea  (Video)",
    "sampleCount" : 500,
    "errorCount" : 0,
    "errorPct" : 0.0,
    "meanResTime" : 137.3959999999999,
    "medianResTime" : 135.0,
    "minResTime" : 133.0,
    "maxResTime" : 258.0,
    "pct1ResTime" : 137.0,
    "pct2ResTime" : 138.0,
    "pct3ResTime" : 225.99,
    "throughput" : 50.15548199418196,
    "receivedKBytesPerSec" : 66.02498996890361,
    "sentKBytesPerSec" : 17.045027083960278
  },
  "Total" : {
    "transaction" : "Total",
    "sampleCount" : 500,
    "errorCount" : 0,
    "errorPct" : 0.0,
    "meanResTime" : 137.3959999999999,
    "medianResTime" : 135.0,
    "minResTime" : 133.0,
    "maxResTime" : 258.0,
    "pct1ResTime" : 137.0,
    "pct2ResTime" : 138.0,
    "pct3ResTime" : 225.99,
    "throughput" : 50.15548199418196,
    "receivedKBytesPerSec" : 66.02498996890361,
    "sentKBytesPerSec" : 17.045027083960278
  }
}