{
  "HTTP Request -Crear Tarea  (Video)" : {
    "transaction" : "HTTP Request -Crear Tarea  (Video)",
    "sampleCount" : 500,
    "errorCount" : 0,
    "errorPct" : 0.0,
    "meanResTime" : 137.47199999999984,
    "medianResTime" : 136.0,
    "minResTime" : 133.0,
    "maxResTime" : 251.0,
    "pct1ResTime" : 137.0,
    "pct2ResTime" : 138.0,
    "pct3ResTime" : 238.0,
    "throughput" : 41.78854993731718,
    "receivedKBytesPerSec" : 55.01070831592144,
    "sentKBytesPerSec" : 14.201577517760134
  },
  "Total" : {
    "transaction" : "Total",
    "sampleCount" : 500,
    "errorCount" : 0,
    "errorPct" : 0.0,
    "meanResTime" : 137.47199999999984,
    "medianResTime" : 136.0,
    "minResTime" : 133.0,
    "maxResTime" : 251.0,
    "pct1ResTime" : 137.0,
    "pct2ResTime" : 138.0,
    "pct3ResTime" : 238.0,
    "throughput" : 41.78854993731718,
    "receivedKBytesPerSec" : 55.01070831592144,
    "sentKBytesPerSec" : 14.201577517760134
  }
}