{
  "HTTP Request -Crear Tarea  (Video)" : {
    "transaction" : "HTTP Request -Crear Tarea  (Video)",
    "sampleCount" : 20,
    "errorCount" : 0,
    "errorPct" : 0.0,
    "meanResTime" : 33868.5,
    "medianResTime" : 39165.0,
    "minResTime" : 7779.0,
    "maxResTime" : 51518.0,
    "pct1ResTime" : 49816.200000000004,
    "pct2ResTime" : 51436.85,
    "pct3ResTime" : 51518.0,
    "throughput" : 0.36663611365719523,
    "receivedKBytesPerSec" : 0.07089252978918424,
    "sentKBytesPerSec" : 13197.932104290789
  },
  "Total" : {
    "transaction" : "Total",
    "sampleCount" : 20,
    "errorCount" : 0,
    "errorPct" : 0.0,
    "meanResTime" : 33868.5,
    "medianResTime" : 39165.0,
    "minResTime" : 7779.0,
    "maxResTime" : 51518.0,
    "pct1ResTime" : 49816.200000000004,
    "pct2ResTime" : 51436.85,
    "pct3ResTime" : 51518.0,
    "throughput" : 0.36663611365719523,
    "receivedKBytesPerSec" : 0.07089252978918424,
    "sentKBytesPerSec" : 13197.932104290789
  }
}