{
  "HTTP Request -Crear Tarea  (Video)" : {
    "transaction" : "HTTP Request -Crear Tarea  (Video)",
    "sampleCount" : 20,
    "errorCount" : 0,
    "errorPct" : 0.0,
    "meanResTime" : 36984.1,
    "medianResTime" : 38729.5,
    "minResTime" : 12008.0,
    "maxResTime" : 48448.0,
    "pct1ResTime" : 47924.100000000006,
    "pct2ResTime" : 48427.65,
    "pct3ResTime" : 48448.0,
    "throughput" : 0.35780735651925,
    "receivedKBytesPerSec" : 0.06918540682696436,
    "sentKBytesPerSec" : 12880.121537095678
  },
  "Total" : {
    "transaction" : "Total",
    "sampleCount" : 20,
    "errorCount" : 0,
    "errorPct" : 0.0,
    "meanResTime" : 36984.1,
    "medianResTime" : 38729.5,
    "minResTime" : 12008.0,
    "maxResTime" : 48448.0,
    "pct1ResTime" : 47924.100000000006,
    "pct2ResTime" : 48427.65,
    "pct3ResTime" : 48448.0,
    "throughput" : 0.35780735651925,
    "receivedKBytesPerSec" : 0.06918540682696436,
    "sentKBytesPerSec" : 12880.121537095678
  }
}