{
  "HTTP Request -Crear Tarea  (Video)" : {
    "transaction" : "HTTP Request -Crear Tarea  (Video)",
    "sampleCount" : 20,
    "errorCount" : 0,
    "errorPct" : 0.0,
    "meanResTime" : 26325.75,
    "medianResTime" : 29469.0,
    "minResTime" : 4351.0,
    "maxResTime" : 36379.0,
    "pct1ResTime" : 35562.5,
    "pct2ResTime" : 36342.7,
    "pct3ResTime" : 36379.0,
    "throughput" : 0.39466414081616547,
    "receivedKBytesPerSec" : 0.07631201160312574,
    "sentKBytesPerSec" : 14206.868200522682
  },
  "Total" : {
    "transaction" : "Total",
    "sampleCount" : 20,
    "errorCount" : 0,
    "errorPct" : 0.0,
    "meanResTime" : 26325.75,
    "medianResTime" : 29469.0,
    "minResTime" : 4351.0,
    "maxResTime" : 36379.0,
    "pct1ResTime" : 35562.5,
    "pct2ResTime" : 36342.7,
    "pct3ResTime" : 36379.0,
    "throughput" : 0.39466414081616547,
    "receivedKBytesPerSec" : 0.07631201160312574,
    "sentKBytesPerSec" : 14206.868200522682
  }
}