{
  "HTTP Request -Crear Tarea  (Video)" : {
    "transaction" : "HTTP Request -Crear Tarea  (Video)",
    "sampleCount" : 20,
    "errorCount" : 0,
    "errorPct" : 0.0,
    "meanResTime" : 31997.399999999998,
    "medianResTime" : 36251.0,
    "minResTime" : 6958.0,
    "maxResTime" : 52629.0,
    "pct1ResTime" : 51876.30000000001,
    "pct2ResTime" : 52611.95,
    "pct3ResTime" : 52629.0,
    "throughput" : 0.3439972480220158,
    "receivedKBytesPerSec" : 0.06651509287925697,
    "sentKBytesPerSec" : 12382.993787221578
  },
  "Total" : {
    "transaction" : "Total",
    "sampleCount" : 20,
    "errorCount" : 0,
    "errorPct" : 0.0,
    "meanResTime" : 31997.399999999998,
    "medianResTime" : 36251.0,
    "minResTime" : 6958.0,
    "maxResTime" : 52629.0,
    "pct1ResTime" : 51876.30000000001,
    "pct2ResTime" : 52611.95,
    "pct3ResTime" : 52629.0,
    "throughput" : 0.3439972480220158,
    "receivedKBytesPerSec" : 0.06651509287925697,
    "sentKBytesPerSec" : 12382.993787221578
  }
}