{
  "HTTP Request -Crear Tarea  (Video)" : {
    "transaction" : "HTTP Request -Crear Tarea  (Video)",
    "sampleCount" : 500,
    "errorCount" : 0,
    "errorPct" : 0.0,
    "meanResTime" : 137.3619999999997,
    "medianResTime" : 136.0,
    "minResTime" : 134.0,
    "maxResTime" : 217.0,
    "pct1ResTime" : 137.0,
    "pct2ResTime" : 138.0,
    "pct3ResTime" : 213.96000000000004,
    "throughput" : 35.82945180938732,
    "receivedKBytesPerSec" : 47.166114295951274,
    "sentKBytesPerSec" : 12.17641526334647
  },
  "Total" : {
    "transaction" : "Total",
    "sampleCount" : 500,
    "errorCount" : 0,
    "errorPct" : 0.0,
    "meanResTime" : 137.3619999999997,
    "medianResTime" : 136.0,
    "minResTime" : 134.0,
    "maxResTime" : 217.0,
    "pct1ResTime" : 137.0,
    "pct2ResTime" : 138.0,
    "pct3ResTime" : 213.96000000000004,
    "throughput" : 35.82945180938732,
    "receivedKBytesPerSec" : 47.166114295951274,
    "sentKBytesPerSec" : 12.17641526334647
  }
}