{
  "HTTP Request -Crear Tarea  (Video)" : {
    "transaction" : "HTTP Request -Crear Tarea  (Video)",
    "sampleCount" : 500,
    "errorCount" : 0,
    "errorPct" : 0.0,
    "meanResTime" : 137.26000000000002,
    "medianResTime" : 136.0,
    "minResTime" : 134.0,
    "maxResTime" : 210.0,
    "pct1ResTime" : 138.0,
    "pct2ResTime" : 138.0,
    "pct3ResTime" : 184.76000000000022,
    "throughput" : 27.81176994103905,
    "receivedKBytesPerSec" : 36.61158777394593,
    "sentKBytesPerSec" : 9.451656190899987
  },
  "Total" : {
    "transaction" : "Total",
    "sampleCount" : 500,
    "errorCount" : 0,
    "errorPct" : 0.0,
    "meanResTime" : 137.26000000000002,
    "medianResTime" : 136.0,
    "minResTime" : 134.0,
    "maxResTime" : 210.0,
    "pct1ResTime" : 138.0,
    "pct2ResTime" : 138.0,
    "pct3ResTime" : 184.76000000000022,
    "throughput" : 27.81176994103905,
    "receivedKBytesPerSec" : 36.61158777394593,
    "sentKBytesPerSec" : 9.451656190899987
  }
}