{
  "HTTP Request -Crear Tarea  (Video)" : {
    "transaction" : "HTTP Request -Crear Tarea  (Video)",
    "sampleCount" : 500,
    "errorCount" : 0,
    "errorPct" : 0.0,
    "meanResTime" : 137.18200000000024,
    "medianResTime" : 136.0,
    "minResTime" : 134.0,
    "maxResTime" : 211.0,
    "pct1ResTime" : 138.0,
    "pct2ResTime" : 138.0,
    "pct3ResTime" : 184.65000000000032,
    "throughput" : 27.797854005670764,
    "receivedKBytesPerSec" : 36.59326874965253,
    "sentKBytesPerSec" : 9.446926947239675
  },
  "Total" : {
    "transaction" : "Total",
    "sampleCount" : 500,
    "errorCount" : 0,
    "errorPct" : 0.0,
    "meanResTime" : 137.18200000000024,
    "medianResTime" : 136.0,
    "minResTime" : 134.0,
    "maxResTime" : 211.0,
    "pct1ResTime" : 138.0,
    "pct2ResTime" : 138.0,
    "pct3ResTime" : 184.65000000000032,
    "throughput" : 27.797854005670764,
    "receivedKBytesPerSec" : 36.59326874965253,
    "sentKBytesPerSec" : 9.446926947239675
  }
}