{
  "HTTP Request -Crear Tarea  (Video)" : {
    "transaction" : "HTTP Request -Crear Tarea  (Video)",
    "sampleCount" : 50,
    "errorCount" : 0,
    "errorPct" : 0.0,
    "meanResTime" : 104271.83999999998,
    "medianResTime" : 121046.5,
    "minResTime" : 10077.0,
    "maxResTime" : 163513.0,
    "pct1ResTime" : 157425.5,
    "pct2ResTime" : 161288.25,
    "pct3ResTime" : 163513.0,
    "throughput" : 0.27886535265312495,
    "receivedKBytesPerSec" : 0.053921230298162835,
    "sentKBytesPerSec" : 10038.41721537782
  },
  "Total" : {
    "transaction" : "Total",
    "sampleCount" : 50,
    "errorCount" : 0,
    "errorPct" : 0.0,
    "meanResTime" : 104271.83999999998,
    "medianResTime" : 121046.5,
    "minResTime" : 10077.0,
    "maxResTime" : 163513.0,
    "pct1ResTime" : 157425.5,
    "pct2ResTime" : 161288.25,
    "pct3ResTime" : 163513.0,
    "throughput" : 0.27886535265312495,
    "receivedKBytesPerSec" : 0.053921230298162835,
    "sentKBytesPerSec" : 10038.41721537782
  }
}