{
  "HTTP Request -Crear Tarea  (Video)" : {
    "transaction" : "HTTP Request -Crear Tarea  (Video)",
    "sampleCount" : 20,
    "errorCount" : 0,
    "errorPct" : 0.0,
    "meanResTime" : 33871.2,
    "medianResTime" : 36501.5,
    "minResTime" : 8822.0,
    "maxResTime" : 45062.0,
    "pct1ResTime" : 44356.3,
    "pct2ResTime" : 45027.55,
    "pct3ResTime" : 45062.0,
    "throughput" : 0.38930198154708606,
    "receivedKBytesPerSec" : 0.0752751878382061,
    "sentKBytesPerSec" : 14013.844703789855
  },
  "Total" : {
    "transaction" : "Total",
    "sampleCount" : 20,
    "errorCount" : 0,
    "errorPct" : 0.0,
    "meanResTime" : 33871.2,
    "medianResTime" : 36501.5,
    "minResTime" : 8822.0,
    "maxResTime" : 45062.0,
    "pct1ResTime" : 44356.3,
    "pct2ResTime" : 45027.55,
    "pct3ResTime" : 45062.0,
    "throughput" : 0.38930198154708606,
    "receivedKBytesPerSec" : 0.0752751878382061,
    "sentKBytesPerSec" : 14013.844703789855
  }
}