{
  "HTTP Request -Crear Tarea  (Video)" : {
    "transaction" : "HTTP Request -Crear Tarea  (Video)",
    "sampleCount" : 50,
    "errorCount" : 0,
    "errorPct" : 0.0,
    "meanResTime" : 68790.08,
    "medianResTime" : 73882.5,
    "minResTime" : 4682.0,
    "maxResTime" : 109661.0,
    "pct1ResTime" : 103825.1,
    "pct2ResTime" : 108264.65,
    "pct3ResTime" : 109661.0,
    "throughput" : 0.3456834507504788,
    "receivedKBytesPerSec" : 0.06684113598495586,
    "sentKBytesPerSec" : 12443.69191302734
  },
  "Total" : {
    "transaction" : "Total",
    "sampleCount" : 50,
    "errorCount" : 0,
    "errorPct" : 0.0,
    "meanResTime" : 68790.08,
    "medianResTime" : 73882.5,
    "minResTime" : 4682.0,
    "maxResTime" : 109661.0,
    "pct1ResTime" : 103825.1,
    "pct2ResTime" : 108264.65,
    "pct3ResTime" : 109661.0,
    "throughput" : 0.3456834507504788,
    "receivedKBytesPerSec" : 0.06684113598495586,
    "sentKBytesPerSec" : 12443.69191302734
  }
}