{
  "HTTP Request -Crear Tarea  (Video)" : {
    "transaction" : "HTTP Request -Crear Tarea  (Video)",
    "sampleCount" : 500,
    "errorCount" : 0,
    "errorPct" : 0.0,
    "meanResTime" : 137.98600000000008,
    "medianResTime" : 135.0,
    "minResTime" : 133.0,
    "maxResTime" : 278.0,
    "pct1ResTime" : 137.0,
    "pct2ResTime" : 137.0,
    "pct3ResTime" : 229.99,
    "throughput" : 50.24620641141594,
    "receivedKBytesPerSec" : 66.144420158778,
    "sentKBytesPerSec" : 17.075859210129636
  },
  "Total" : {
    "transaction" : "Total",
    "sampleCount" : 500,
    "errorCount" : 0,
    "errorPct" : 0.0,
    "meanResTime" : 137.98600000000008,
    "medianResTime" : 135.0,
    "minResTime" : 133.0,
    "maxResTime" : 278.0,
    "pct1ResTime" : 137.0,
    "pct2ResTime" : 137.0,
    "pct3ResTime" : 229.99,
    "throughput" : 50.24620641141594,
    "receivedKBytesPerSec" : 66.144420158778,
    "sentKBytesPerSec" : 17.075859210129636
  }
}