{
  "HTTP Request -Crear Tarea  (Video)" : {
    "transaction" : "HTTP Request -Crear Tarea  (Video)",
    "sampleCount" : 500,
    "errorCount" : 0,
    "errorPct" : 0.0,
    "meanResTime" : 137.79399999999995,
    "medianResTime" : 137.0,
    "minResTime" : 135.0,
    "maxResTime" : 219.0,
    "pct1ResTime" : 138.0,
    "pct2ResTime" : 139.0,
    "pct3ResTime" : 188.7800000000002,
    "throughput" : 27.808676307007786,
    "receivedKBytesPerSec" : 36.60751529477197,
    "sentKBytesPerSec" : 9.450604838709678
  },
  "Total" : {
    "transaction" : "Total",
    "sampleCount" : 500,
    "errorCount" : 0,
    "errorPct" : 0.0,
    "meanResTime" : 137.79399999999995,
    "medianResTime" : 137.0,
    "minResTime" : 135.0,
    "maxResTime" : 219.0,
    "pct1ResTime" : 138.0,
    "pct2ResTime" : 139.0,
    "pct3ResTime" : 188.7800000000002,
    "throughput" : 27.808676307007786,
    "receivedKBytesPerSec" : 36.60751529477197,
    "sentKBytesPerSec" : 9.450604838709678
  }
}