{
  "HTTP Request -Crear Tarea  (Video)" : {
    "transaction" : "HTTP Request -Crear Tarea  (Video)",
    "sampleCount" : 500,
    "errorCount" : 0,
    "errorPct" : 0.0,
    "meanResTime" : 137.7459999999998,
    "medianResTime" : 136.0,
    "minResTime" : 134.0,
    "maxResTime" : 235.0,
    "pct1ResTime" : 137.0,
    "pct2ResTime" : 138.0,
    "pct3ResTime" : 226.99,
    "throughput" : 35.87315253264457,
    "receivedKBytesPerSec" : 47.22364220117664,
    "sentKBytesPerSec" : 12.191266681015927
  },
  "Total" : {
    "transaction" : "Total",
    "sampleCount" : 500,
    "errorCount" : 0,
    "errorPct" : 0.0,
    "meanResTime" : 137.7459999999998,
    "medianResTime" : 136.0,
    "minResTime" : 134.0,
    "maxResTime" : 235.0,
    "pct1ResTime" : 137.0,
    "pct2ResTime" : 138.0,
    "pct3ResTime" : 226.99,
    "throughput" : 35.87315253264457,
    "receivedKBytesPerSec" : 47.22364220117664,
    "sentKBytesPerSec" : 12.191266681015927
  }
}