{
  "HTTP Request -Crear Tarea  (Video)" : {
    "transaction" : "HTTP Request -Crear Tarea  (Video)",
    "sampleCount" : 500,
    "errorCount" : 0,
    "errorPct" : 0.0,
    "meanResTime" : 137.48399999999995,
    "medianResTime" : 136.0,
    "minResTime" : 134.0,
    "maxResTime" : 214.0,
    "pct1ResTime" : 138.0,
    "pct2ResTime" : 138.0,
    "pct3ResTime" : 208.0,
    "throughput" : 31.39126067302863,
    "receivedKBytesPerSec" : 41.32365174535409,
    "sentKBytesPerSec" : 10.668123744349572
  },
  "Total" : {
    "transaction" : "Total",
    "sampleCount" : 500,
    "errorCount" : 0,
    "errorPct" : 0.0,
    "meanResTime" : 137.48399999999995,
    "medianResTime" : 136.0,
    "minResTime" : 134.0,
    "maxResTime" : 214.0,
    "pct1ResTime" : 138.0,
    "pct2ResTime" : 138.0,
    "pct3ResTime" : 208.0,
    "throughput" : 31.39126067302863,
    "receivedKBytesPerSec" : 41.32365174535409,
    "sentKBytesPerSec" : 10.668123744349572
  }
}