{
  "HTTP Request -Crear Tarea  (Video)" : {
    "transaction" : "HTTP Request -Crear Tarea  (Video)",
    "sampleCount" : 500,
    "errorCount" : 0,
    "errorPct" : 0.0,
    "meanResTime" : 137.1960000000001,
    "medianResTime" : 136.0,
    "minResTime" : 134.0,
    "maxResTime" : 226.0,
    "pct1ResTime" : 138.0,
    "pct2ResTime" : 138.0,
    "pct3ResTime" : 203.93000000000006,
    "throughput" : 41.687510421877604,
    "receivedKBytesPerSec" : 54.87769926629982,
    "sentKBytesPerSec" : 14.167239869934967
  },
  "Total" : {
    "transaction" : "Total",
    "sampleCount" : 500,
    "errorCount" : 0,
    "errorPct" : 0.0,
    "meanResTime" : 137.1960000000001,
    "medianResTime" : 136.0,
    "minResTime" : 134.0,
    "maxResTime" : 226.0,
    "pct1ResTime" : 138.0,
    "pct2ResTime" : 138.0,
    "pct3ResTime" : 203.93000000000006,
    "throughput" : 41.687510421877604,
    "receivedKBytesPerSec" : 54.87769926629982,
    "sentKBytesPerSec" : 14.167239869934967
  }
}