{
  "HTTP Request -Crear Tarea  (Video)" : {
    "transaction" : "HTTP Request -Crear Tarea  (Video)",
    "sampleCount" : 20,
    "errorCount" : 0,
    "errorPct" : 0.0,
    "meanResTime" : 25954.2,
    "medianResTime" : 28269.0,
    "minResTime" : 4293.0,
    "maxResTime" : 35989.0,
    "pct1ResTime" : 35503.8,
    "pct2ResTime" : 35966.9,
    "pct3ResTime" : 35989.0,
    "throughput" : 0.4042118878716223,
    "receivedKBytesPerSec" : 0.07815815800642698,
    "sentKBytesPerSec" : 14550.562900580297
  },
  "Total" : {
    "transaction" : "Total",
    "sampleCount" : 20,
    "errorCount" : 0,
    "errorPct" : 0.0,
    "meanResTime" : 25954.2,
    "medianResTime" : 28269.0,
    "minResTime" : 4293.0,
    "maxResTime" : 35989.0,
    "pct1ResTime" : 35503.8,
    "pct2ResTime" : 35966.9,
    "pct3ResTime" : 35989.0,
    "throughput" : 0.4042118878716223,
    "receivedKBytesPerSec" : 0.07815815800642698,
    "sentKBytesPerSec" : 14550.562900580297
  }
}