{
  "HTTP Request -Crear Tarea  (Video)" : {
    "transaction" : "HTTP Request -Crear Tarea  (Video)",
    "sampleCount" : 50,
    "errorCount" : 0,
    "errorPct" : 0.0,
    "meanResTime" : 114057.67999999998,
    "medianResTime" : 134535.0,
    "minResTime" : 10716.0,
    "maxResTime" : 198078.0,
    "pct1ResTime" : 195000.5,
    "pct2ResTime" : 197421.85,
    "pct3ResTime" : 198078.0,
    "throughput" : 0.24046438481996432,
    "receivedKBytesPerSec" : 0.04649604315854779,
    "sentKBytesPerSec" : 8656.084511658915
  },
  "Total" : {
    "transaction" : "Total",
    "sampleCount" : 50,
    "errorCount" : 0,
    "errorPct" : 0.0,
    "meanResTime" : 114057.67999999998,
    "medianResTime" : 134535.0,
    "minResTime" : 10716.0,
    "maxResTime" : 198078.0,
    "pct1ResTime" : 195000.5,
    "pct2ResTime" : 197421.85,
    "pct3ResTime" : 198078.0,
    "throughput" : 0.24046438481996432,
    "receivedKBytesPerSec" : 0.04649604315854779,
    "sentKBytesPerSec" : 8656.084511658915
  }
}